taxonomy_type,common_term,xbrl_tag
general,total_assets,Assets
general,current_assets,CurrentAssets
general,total_liabilities,Liabilities
general,current_liabilities,CurrentLiabilities
general,total_equity,EquityAttributableToEquityOwnersOfParentEntity
general,total_equity,Equity
general,cash_and_equivalents,CashAndCashEquivalents
general,cash_and_equivalents,CashAndBankBalances
general,cash_and_equivalents,CashAndCashEquivalentsAtEndOfPeriod
general,revenue,SalesAndRevenue
general,revenue,Revenue
general,revenue,NetSales
general,revenue,OperatingRevenue
general,gross_profit,GrossProfit
general,profit_before_tax,ProfitLossBeforeIncomeTax
general,net_income,ProfitLossAttributableToParentEntity
general,net_income,ProfitLoss
general,operating_cash_flow,NetCashFlowsReceivedFromUsedInOperatingActivities
general,operating_cash_flow,NetCashProvidedByUsedInOperatingActivities
general,capital_expenditure,PaymentsForAcquisitionOfPropertyPlantAndEquipment
general,capital_expenditure,PaymentsForPropertyPlantAndEquipment
general,capital_expenditure,AdditionInPropertyPlantAndEquipment
general,eps,BasicEarningsLossPerShareFromContinuingOperations
general,eps,BasicEarningsLossPerShare
general,outstanding_shares,NumberOfSharesOutstanding
banking,total_assets,Assets
banking,total_liabilities,Liabilities
banking,total_equity,EquityAttributableToEquityOwnersOfParentEntity
banking,total_equity,Equity
banking,cash_and_equivalents,CashAndCashEquivalents
banking,customer_deposits,DepositsFromCustomers
banking,revenue,TotalInterestAndShariaIncome
banking,revenue,InterestIncome
banking,revenue,TotalOperatingIncome
banking,revenue,InterestAndFinanceIncome
banking,revenue,RevenueFromFinancing
banking,net_interest_income,NetInterestAndShariaIncome
banking,profit_before_tax,ProfitLossBeforeIncomeTax
banking,net_income,ProfitLossAttributableToParentEntity
banking,net_income,ProfitLoss
banking,operating_cash_flow,NetCashProvidedByUsedInOperatingActivities
banking,operating_cash_flow,NetCashFlowsReceivedFromUsedInOperatingActivities
banking,eps,BasicEarningsLossPerShareFromContinuingOperations
banking,eps,BasicEarningsLossPerShare
banking,outstanding_shares,NumberOfSharesOutstanding
insurance,total_assets,Assets
insurance,total_liabilities,Liabilities
insurance,total_equity,EquityAttributableToEquityOwnersOfParentEntity
insurance,total_equity,Equity
insurance,cash_and_equivalents,CashAndCashEquivalents
insurance,revenue,RevenueFromInsurancePremiums
insurance,revenue,NetPremiumIncome
insurance,revenue,PremiumIncome
insurance,profit_before_tax,ProfitLossBeforeIncomeTax
insurance,net_income,ProfitLossAttributableToParentEntity
insurance,net_income,ProfitLoss
insurance,operating_cash_flow,NetCashProvidedByUsedInOperatingActivities
insurance,operating_cash_flow,NetCashFlowsReceivedFromUsedInOperatingActivities
insurance,eps,BasicEarningsLossPerShareFromContinuingOperations
insurance,eps,BasicEarningsLossPerShare
insurance,outstanding_shares,NumberOfSharesOutstanding
